iauname,local_png_loc,ring,smooth-or-featured_featured-or-disk_fraction,disk-edge-on_no_fraction,has-spiral-arms_no_fraction
J000411.19+020924.0,data/example_images/basic/J000411.19+020924.0.png,1,0.6342712290661865,0.7682139525676296,0.5752586873292289
J001655.18-002739.1,data/example_images/basic/J001655.18-002739.1.png,1,0.7065001192176925,0.936972080799188,0.6124327312749265
J003937.09-032825.0,data/example_images/basic/J003937.09-032825.0.png,1,0.693868184127295,0.9522980120080192,0.5508979468424733
J004735.97-005410.2,data/example_images/basic/J004735.97-005410.2.png,1,0.6131976770810484,0.9184286267161508,0.544499639942117
J005130.07-011511.2,data/example_images/basic/J005130.07-011511.2.png,1,0.6501969812079134,0.8679802555590279,0.7177678248371419
J005321.49-025122.0,data/example_images/basic/J005321.49-025122.0.png,1,0.6135071515653879,0.9465959184861864,0.6986591858652423
J005342.63-010506.6,data/example_images/basic/J005342.63-010506.6.png,1,0.7902471561778325,0.9664110568384164,0.5174905814951776
J005412.72-005018.6,data/example_images/basic/J005412.72-005018.6.png,1,0.6559082124417683,0.9652830221579444,0.6141025458064813
J005612.79-005001.6,data/example_images/basic/J005612.79-005001.6.png,1,0.6710444109305943,0.8920141671263948,0.7843818714778975
J005823.65+053559.5,data/example_images/basic/J005823.65+053559.5.png,1,0.6524226574599022,0.964264946346688,0.7256833873808501
J010713.98+004733.7,data/example_images/basic/J010713.98+004733.7.png,1,0.6764477808186495,0.9276048546320332,0.5908080030247473
J011344.90+022800.0,data/example_images/basic/J011344.90+022800.0.png,1,0.7089113724330622,0.7874132249062498,0.5639141524610137
J011603.59+041738.9,data/example_images/basic/J011603.59+041738.9.png,1,0.6958799646582101,0.9668433678091704,0.5324537022974242
J011854.30+042022.9,data/example_images/basic/J011854.30+042022.9.png,1,0.6481716914843538,0.9064834058731788,0.5895170117015724
J011909.06-004552.0,data/example_images/basic/J011909.06-004552.0.png,1,0.6607222342098804,0.9282090185902088,0.6036009134434963
J012055.92-003713.9,data/example_images/basic/J012055.92-003713.9.png,1,0.6132903780456036,0.9424396040034378,0.7653096308597727
J012625.09-013818.9,data/example_images/basic/J012625.09-013818.9.png,1,0.7773858863965356,0.903122061997946,0.5196692679683694
J012724.19-060835.0,data/example_images/basic/J012724.19-060835.0.png,1,0.741816807764328,0.92914476194363,0.7245838017960705
J013102.76+003811.4,data/example_images/basic/J013102.76+003811.4.png,1,0.6183154425926567,0.9634033421653048,0.808842731099569
J013148.91+000132.8,data/example_images/basic/J013148.91+000132.8.png,1,0.6289396081076621,0.8969633450624346,0.5847460300323669
J013215.28-003515.5,data/example_images/basic/J013215.28-003515.5.png,1,0.7646248861304425,0.9420521473856504,0.5142881681918767
J013733.09-090729.7,data/example_images/basic/J013733.09-090729.7.png,1,0.6574084965441975,0.9056196990121193,0.6394823844067069
J013926.29+052543.0,data/example_images/basic/J013926.29+052543.0.png,1,0.6481655627993992,0.8914738286075302,0.7114966008227814
J014806.94-001748.0,data/example_images/basic/J014806.94-001748.0.png,1,0.6299562171939713,0.9682802097100148,0.7076742940552588
J014823.07-002306.6,data/example_images/basic/J014823.07-002306.6.png,1,0.7032534992150579,0.7986912850984155,0.5845292105002701
J014837.80-060751.0,data/example_images/basic/J014837.80-060751.0.png,1,0.6399766055523196,0.9189842489410802,0.6354407599720442
J015130.30-041204.0,data/example_images/basic/J015130.30-041204.0.png,1,0.630884184821557,0.96216269682017,0.8132812796783263
J015407.00-045259.9,data/example_images/basic/J015407.00-045259.9.png,1,0.6230757027743502,0.9623425138731616,0.5738307275135277
J015512.97-024351.7,data/example_images/basic/J015512.97-024351.7.png,1,0.6282884249530277,0.9373527477101308,0.8259016875098427
J015530.80+023048.1,data/example_images/basic/J015530.80+023048.1.png,1,0.7896018325709373,0.8908909095008631,0.5417492679961748
J020146.67-004313.2,data/example_images/basic/J020146.67-004313.2.png,1,0.6140336402479105,0.8730079213134663,0.8381024968823041
J020249.45+025344.6,data/example_images/basic/J020249.45+025344.6.png,1,0.656502887385738,0.9227557510397704,0.812451250903404
J020551.72-003229.0,data/example_images/basic/J020551.72-003229.0.png,1,0.6110885230532382,0.7757666963374544,0.5496280482127593
J020621.24-085218.2,data/example_images/basic/J020621.24-085218.2.png,1,0.7081053866469772,0.9701756339210864,0.6456492842926659
J022647.36-090401.1,data/example_images/basic/J022647.36-090401.1.png,1,0.7019709921190586,0.9641202421967168,0.535385181789554
J022731.19-010637.2,data/example_images/basic/J022731.19-010637.2.png,1,0.7427583127000783,0.866416796599469,0.5389720460828553
J022737.70-010916.9,data/example_images/basic/J022737.70-010916.9.png,1,0.6414937608064412,0.9454144573364164,0.7274997852417081
J023235.09+010539.1,data/example_images/basic/J023235.09+010539.1.png,1,0.6716815822831776,0.9485671768332876,0.7058168107859137
J023240.17+001536.2,data/example_images/basic/J023240.17+001536.2.png,1,0.6163802974711416,0.8583361000226281,0.7382680734910915
J023254.21+001209.5,data/example_images/basic/J023254.21+001209.5.png,1,0.6849588685257457,0.9546513386446884,0.6516468662098935
J024047.87-084638.8,data/example_images/basic/J024047.87-084638.8.png,1,0.6876539288812767,0.9290598120522394,0.535121951799027
J024558.36-002657.0,data/example_images/basic/J024558.36-002657.0.png,1,0.6911149698842728,0.955640197525268,0.7461578901673362
J025733.62-074531.7,data/example_images/basic/J025733.62-074531.7.png,1,0.6580131663898398,0.9496929061642708,0.7523649151130307
J025833.09+053309.0,data/example_images/basic/J025833.09+053309.0.png,1,0.6202818115013777,0.922635173667968,0.5888144950011754
J025953.09-005135.3,data/example_images/basic/J025953.09-005135.3.png,1,0.712913523354879,0.923887905963366,0.5962879617463874
J041059.96-060031.8,data/example_images/basic/J041059.96-060031.8.png,1,0.6085929278990444,0.9485374177256618,0.7889282467311713
J073529.65+195904.7,data/example_images/basic/J073529.65+195904.7.png,1,0.6330958287934773,0.9553215082952066,0.669441957649424
J074110.32+183656.2,data/example_images/basic/J074110.32+183656.2.png,1,0.647552178097956,0.881295319960349,0.5027333308167757
J080019.96+105321.4,data/example_images/basic/J080019.96+105321.4.png,1,0.7456748068592488,0.940918947683079,0.7386156563827637
J083630.84+040215.6,data/example_images/basic/J083630.84+040215.6.png,1,0.6961479769747618,0.957755136035589,0.6053150647887228
J084010.71+290725.2,data/example_images/basic/J084010.71+290725.2.png,1,0.6667684991999822,0.9369811598489248,0.6396425737895695
J085828.59+000124.5,data/example_images/basic/J085828.59+000124.5.png,1,0.6761716303567619,0.8651963886935916,0.6183370044123723
J090419.61+171732.1,data/example_images/basic/J090419.61+171732.1.png,1,0.7754251016761732,0.907841131215957,0.5051386181245229
J090601.49+125917.0,data/example_images/basic/J090601.49+125917.0.png,1,0.6008446737191897,0.934147326767307,0.7313157387498788
J090729.08+063518.0,data/example_images/basic/J090729.08+063518.0.png,1,0.6334723367903361,0.9764309595726602,0.6403439753793392
J091334.03-001509.5,data/example_images/basic/J091334.03-001509.5.png,1,0.6556235466768251,0.9537792965848884,0.7152369594704833
J091417.69+221631.4,data/example_images/basic/J091417.69+221631.4.png,1,0.6317435184864686,0.9681368976803636,0.5808399672576458
J091807.78+065815.9,data/example_images/basic/J091807.78+065815.9.png,1,0.766070092715273,0.956297450914272,0.6175519632952728
J091847.40-001026.1,data/example_images/basic/J091847.40-001026.1.png,1,0.6975890356411505,0.9305585420430228,0.7306782952197901
J091940.95-002151.3,data/example_images/basic/J091940.95-002151.3.png,1,0.6162296217702178,0.9649828138107104,0.8317751530798732
J092348.94+244853.2,data/example_images/basic/J092348.94+244853.2.png,1,0.6754018952455034,0.9485896975539132,0.6987199453425018
J092533.25+044053.7,data/example_images/basic/J092533.25+044053.7.png,1,0.6688644524055687,0.9627505294143724,0.7701905372064901
J092541.31+232141.8,data/example_images/basic/J092541.31+232141.8.png,1,0.7076086191482492,0.9043047078360932,0.6703616929542074
J092642.06+012912.6,data/example_images/basic/J092642.06+012912.6.png,1,0.6102346001566814,0.9173625709694332,0.660376615647102
J092754.32+294730.6,data/example_images/basic/J092754.32+294730.6.png,1,0.6493255679132547,0.8011794349873795,0.6391511859403023
J094243.46-005202.0,data/example_images/basic/J094243.46-005202.0.png,1,0.6997366045176954,0.9533244311296208,0.6334887103227573
J094446.39-000219.8,data/example_images/basic/J094446.39-000219.8.png,1,0.7298013165000744,0.908967789656011,0.6896320849123073
J094551.11+003819.3,data/example_images/basic/J094551.11+003819.3.png,1,0.7392921807943621,0.9733481744540948,0.5298995570610523
J094609.68+051432.7,data/example_images/basic/J094609.68+051432.7.png,1,0.750093979548063,0.9436175228998248,0.5869657670584125
J094651.40-010228.5,data/example_images/basic/J094651.40-010228.5.png,1,0.6820813723839179,0.9320571424457588,0.806386560754525
J094658.39+084424.8,data/example_images/basic/J094658.39+084424.8.png,1,0.608637982141633,0.946285975934849,0.5670387069175671
J095233.09+005902.7,data/example_images/basic/J095233.09+005902.7.png,1,0.7028694781312798,0.9105464669470968,0.7204493958757561
J095316.94+015840.4,data/example_images/basic/J095316.94+015840.4.png,1,0.6743094292456497,0.9595888729832588,0.525468241169906
J095421.42+040531.1,data/example_images/basic/J095421.42+040531.1.png,1,0.6940345131569685,0.9374563516301694,0.5270269417729299
J095452.87+022122.6,data/example_images/basic/J095452.87+022122.6.png,1,0.7246018995521101,0.9616116774676524,0.5226116792434372
J100128.03-001805.3,data/example_images/basic/J100128.03-001805.3.png,1,0.6263954066141441,0.9212856392910344,0.8687389567139192
J100138.71+120359.5,data/example_images/basic/J100138.71+120359.5.png,1,0.6401234304403534,0.965795593176284,0.6122165255696547
J100207.04+030327.6,data/example_images/basic/J100207.04+030327.6.png,1,0.7677312745415945,0.9618058758423568,0.5713171737939129
J100750.58+012550.8,data/example_images/basic/J100750.58+012550.8.png,1,0.7231729101962633,0.9662170508503952,0.514983830618313
J100751.79-001619.0,data/example_images/basic/J100751.79-001619.0.png,1,0.7615180309787111,0.8806971167898103,0.7025673213126867
J100827.63+054153.2,data/example_images/basic/J100827.63+054153.2.png,1,0.7384291246304538,0.9237528288566385,0.7436973529481267
J101404.18-000337.2,data/example_images/basic/J101404.18-000337.2.png,1,0.750156456829871,0.9344704303245872,0.5846638090438212
J101701.30-012851.0,data/example_images/basic/J101701.30-012851.0.png,1,0.6200562185459101,0.9534227418218744,0.510606908485283
J101705.66+085135.2,data/example_images/basic/J101705.66+085135.2.png,1,0.667323230033974,0.9360266230635852,0.5646639443622405
J102008.76+161402.9,data/example_images/basic/J102008.76+161402.9.png,1,0.6981460615182873,0.9570870292457354,0.7380095114554354
J102129.29+000918.5,data/example_images/basic/J102129.29+000918.5.png,1,0.6162025361092529,0.9648078564052536,0.7185505700240458
J102207.64+252915.9,data/example_images/basic/J102207.64+252915.9.png,1,0.8053974217767582,0.8757011632273262,0.5448607592431997
J102844.25+022034.7,data/example_images/basic/J102844.25+022034.7.png,1,0.6745524246516906,0.9518315602436408,0.7394745758737088
J103042.29-032854.0,data/example_images/basic/J103042.29-032854.0.png,1,0.6084543455257476,0.961662611598022,0.6573847244264178
J103256.81-004809.9,data/example_images/basic/J103256.81-004809.9.png,1,0.6527018371684186,0.9595125607655668,0.7763950524854366
J103319.82-003605.8,data/example_images/basic/J103319.82-003605.8.png,1,0.7398648617591504,0.8456997293376376,0.5409080834079968
J103610.09-031628.9,data/example_images/basic/J103610.09-031628.9.png,1,0.646851659527089,0.8603087226450222,0.8127789514654704
J104149.72+011412.9,data/example_images/basic/J104149.72+011412.9.png,1,0.7320590479351593,0.96554989436296,0.5948865504681614
J104537.06+001814.5,data/example_images/basic/J104537.06+001814.5.png,1,0.6361385554330315,0.8759747086951526,0.8037578633520621
J104736.68-011106.4,data/example_images/basic/J104736.68-011106.4.png,1,0.6807039394019266,0.959145728865342,0.6367207588287221
J104924.86-002547.5,data/example_images/basic/J104924.86-002547.5.png,1,0.6961883629066825,0.94412695411249,0.7604615764744732
J105400.43+003348.2,data/example_images/basic/J105400.43+003348.2.png,1,0.6816154112885507,0.9622303095850012,0.5509618440712643
J105711.13+160421.0,data/example_images/basic/J105711.13+160421.0.png,1,0.7912948013106198,0.8550706773738669,0.5723790280383054
J105717.54+011525.1,data/example_images/basic/J105717.54+011525.1.png,1,0.8230558600129989,0.9157084310308352,0.5654665121906156
J105745.73+002734.2,data/example_images/basic/J105745.73+002734.2.png,1,0.6418681802689769,0.9681994554191796,0.7941897154943631
J105936.29+163431.6,data/example_images/basic/J105936.29+163431.6.png,1,0.6454685199940873,0.955958593211658,0.7654834064973115
J110036.02-000044.7,data/example_images/basic/J110036.02-000044.7.png,1,0.7101372496768364,0.9122215076667324,0.7922956503310836
J110528.05+023343.6,data/example_images/basic/J110528.05+023343.6.png,1,0.6163987128511164,0.9492152160941804,0.7550538034996932
J110629.41-003809.2,data/example_images/basic/J110629.41-003809.2.png,1,0.6836344281583087,0.9601704383886828,0.5316199756798817
J111235.15+241243.0,data/example_images/basic/J111235.15+241243.0.png,1,0.7513808770786616,0.9586491704886496,0.5174744156185964
J111322.03-010811.7,data/example_images/basic/J111322.03-010811.7.png,1,0.6339473508132991,0.9712843693307098,0.5085350011349646
J111541.68+032146.4,data/example_images/basic/J111541.68+032146.4.png,1,0.6419907663234155,0.8756602303134743,0.6876331515689149
J111824.88+195908.8,data/example_images/basic/J111824.88+195908.8.png,1,0.7521025254920732,0.9327787579620188,0.5287198314549164
J112155.47+025821.4,data/example_images/basic/J112155.47+025821.4.png,1,0.7799680978084624,0.8919920465599653,0.5940544456948523
J113258.73-015118.4,data/example_images/basic/J113258.73-015118.4.png,1,0.7356093367917746,0.9549959583608876,0.5947319337073761
J113715.50+165238.0,data/example_images/basic/J113715.50+165238.0.png,1,0.612707089648398,0.9630678282816396,0.7154610620676293
J113742.63-051206.1,data/example_images/basic/J113742.63-051206.1.png,1,0.700200561874592,0.9638993332406978,0.6893284919373234
J113812.29+010225.6,data/example_images/basic/J113812.29+010225.6.png,1,0.7161179465180523,0.9362982777674304,0.5178570938745914
J113932.08-010604.4,data/example_images/basic/J113932.08-010604.4.png,1,0.6839769772497923,0.8412218569009922,0.522519673746514
J114059.70+210035.2,data/example_images/basic/J114059.70+210035.2.png,1,0.6933294459944532,0.9663083030623107,0.6439667868316705
J114404.54-024901.8,data/example_images/basic/J114404.54-024901.8.png,1,0.6657953543048825,0.936507126055354,0.6147954422654895
J114552.90+101430.7,data/example_images/basic/J114552.90+101430.7.png,1,0.6603849916323518,0.9568284906557852,0.5394182649605864
J114710.23-030145.4,data/example_images/basic/J114710.23-030145.4.png,1,0.6094662134269093,0.9527538047809632,0.5643341342258366
J114747.44+184309.6,data/example_images/basic/J114747.44+184309.6.png,1,0.6188242740767511,0.9709385714952252,0.6968233899511975
J114751.21-015606.2,data/example_images/basic/J114751.21-015606.2.png,1,0.6407401549658825,0.955200413647031,0.5971342126877188
J114804.90-015222.4,data/example_images/basic/J114804.90-015222.4.png,1,0.691294020031702,0.819452463874825,0.6874257448628488
J114840.14-021637.1,data/example_images/basic/J114840.14-021637.1.png,1,0.6041872692450942,0.8970525727551849,0.7847429059720913
J114910.11+084156.2,data/example_images/basic/J114910.11+084156.2.png,1,0.7092472963000164,0.9519810366423654,0.7381935296041298
J115117.88+064818.3,data/example_images/basic/J115117.88+064818.3.png,1,0.6457389095725301,0.9756946423305622,0.5361698436552265
J115901.01-003243.6,data/example_images/basic/J115901.01-003243.6.png,1,0.6332152063382885,0.9595734890347244,0.5284713632840428
J120201.58+104928.0,data/example_images/basic/J120201.58+104928.0.png,1,0.6123882739362169,0.9208987084532168,0.6631772253220248
J121409.41+035540.9,data/example_images/basic/J121409.41+035540.9.png,1,0.7365683344899356,0.9650493666850304,0.6314762597009939
J121705.65+151424.2,data/example_images/basic/J121705.65+151424.2.png,1,0.6262818629435123,0.9604922040970436,0.5090897932207116
J121801.90+052440.0,data/example_images/basic/J121801.90+052440.0.png,1,0.7413698178675071,0.973158748932468,0.5948467477773054
J121906.06+045004.8,data/example_images/basic/J121906.06+045004.8.png,1,0.6256588578229763,0.9418589327448432,0.8107335080345593
J122046.48+104024.8,data/example_images/basic/J122046.48+104024.8.png,1,0.6249161177223951,0.9704792882807252,0.5523696732139846
J123019.50+082024.3,data/example_images/basic/J123019.50+082024.3.png,1,0.6000675431272259,0.9462317876832398,0.6475613371202817
J123538.87+014913.1,data/example_images/basic/J123538.87+014913.1.png,1,0.7460953151147937,0.952089116438232,0.7346613935044628
J123701.59+181205.0,data/example_images/basic/J123701.59+181205.0.png,1,0.6526536080968605,0.9740823507967566,0.5521797064094155
J123808.15-031454.3,data/example_images/basic/J123808.15-031454.3.png,1,0.6159821280587847,0.9311547468933516,0.7164956499575016
J123945.54+020542.9,data/example_images/basic/J123945.54+020542.9.png,1,0.6961239605093295,0.9647840088963358,0.5578429466708935
J124236.60+012323.0,data/example_images/basic/J124236.60+012323.0.png,1,0.7251814345520057,0.9681253859111753,0.6607859614210221
J124440.29+015054.9,data/example_images/basic/J124440.29+015054.9.png,1,0.7242101783104262,0.9201359978120762,0.6336970866427234
J124649.91+224751.7,data/example_images/basic/J124649.91+224751.7.png,1,0.7082187808839323,0.9826597731457044,0.5389908549320647
J124657.13+170831.2,data/example_images/basic/J124657.13+170831.2.png,1,0.6305641808035364,0.9590494584848028,0.7048098646533751
J125050.22+023039.7,data/example_images/basic/J125050.22+023039.7.png,1,0.6224798763410115,0.9631225060535517,0.7400974181516317
J125649.52+014956.5,data/example_images/basic/J125649.52+014956.5.png,1,0.6046988624097004,0.948689669166736,0.570709612989909
J125805.79-012545.3,data/example_images/basic/J125805.79-012545.3.png,1,0.6414292311258696,0.7955696928675405,0.7533325925612827
J125933.83+161143.2,data/example_images/basic/J125933.83+161143.2.png,1,0.7484851315848821,0.9500875867515824,0.5888965071885889
J130313.54+184315.5,data/example_images/basic/J130313.54+184315.5.png,1,0.8236305967488571,0.9620950205843486,0.5319769976399177
J130354.04-014541.6,data/example_images/basic/J130354.04-014541.6.png,1,0.6117332613899951,0.9315751894440936,0.5069773747648476
J130355.60+145429.0,data/example_images/basic/J130355.60+145429.0.png,1,0.7617612158684031,0.9427115514443662,0.6019310126107262
J130358.89+195913.1,data/example_images/basic/J130358.89+195913.1.png,1,0.6020542963088249,0.8666154568412386,0.7246782171710684
J130604.01+002049.4,data/example_images/basic/J130604.01+002049.4.png,1,0.6957018272182558,0.9553030702912956,0.723038579847733
J130910.85+103701.7,data/example_images/basic/J130910.85+103701.7.png,1,0.7388888792672472,0.9500386506532688,0.5247843935541415
J130921.36+042953.3,data/example_images/basic/J130921.36+042953.3.png,1,0.6441730177282787,0.939143763967366,0.8542659468835361
J130931.88+005125.3,data/example_images/basic/J130931.88+005125.3.png,1,0.7300527700121862,0.9447870833429572,0.6439115800619232
J131132.31-003713.5,data/example_images/basic/J131132.31-003713.5.png,1,0.6407974074053707,0.7860300203087263,0.7318907917537807
J131257.82-024234.4,data/example_images/basic/J131257.82-024234.4.png,1,0.6104996367292227,0.8166105167473205,0.6932234898018251
J131756.49+010707.0,data/example_images/basic/J131756.49+010707.0.png,1,0.7546335771024428,0.9835127442110816,0.5215150828837561
J132048.34+190010.7,data/example_images/basic/J132048.34+190010.7.png,1,0.6198278432196359,0.9473444619642288,0.5723262189407587
J132231.75-022236.8,data/example_images/basic/J132231.75-022236.8.png,1,0.7724156622135427,0.961327471608202,0.5172860801307767
J132344.76-012744.6,data/example_images/basic/J132344.76-012744.6.png,1,0.6011485862138692,0.9529561370124862,0.7070261222344324
J132538.33+074622.7,data/example_images/basic/J132538.33+074622.7.png,1,0.6618884931042668,0.8872905636098476,0.5307096548903965
J133214.02+011448.8,data/example_images/basic/J133214.02+011448.8.png,1,0.6877695752049137,0.8616092106719496,0.6850128880430743
J133918.75+072851.8,data/example_images/basic/J133918.75+072851.8.png,1,0.7598287313988881,0.9375836876622208,0.5195988709705902
J134715.72+175824.4,data/example_images/basic/J134715.72+175824.4.png,1,0.6929681965439485,0.95236783666769,0.6892442377178625
J134755.48+014911.6,data/example_images/basic/J134755.48+014911.6.png,1,0.6740974771314252,0.9644235090062028,0.5367000034767081
J135128.06-052645.4,data/example_images/basic/J135128.06-052645.4.png,1,0.6758750428795685,0.9650374679700946,0.7086553102072419
J135214.85+075521.7,data/example_images/basic/J135214.85+075521.7.png,1,0.6404459256308289,0.9714601854843028,0.6872996229572683
J135214.96+003541.1,data/example_images/basic/J135214.96+003541.1.png,1,0.7275590594556598,0.8095112123164998,0.8864356635815466
J140148.88-030537.1,data/example_images/basic/J140148.88-030537.1.png,1,0.6583582116413289,0.7876509408052743,0.8115622069660869
J140213.03+080213.5,data/example_images/basic/J140213.03+080213.5.png,1,0.6065893709610168,0.8819094875487886,0.5036472358672178
J140312.79+085344.1,data/example_images/basic/J140312.79+085344.1.png,1,0.6874784411430755,0.9437587716760792,0.5693989529718372
J140441.00+244521.4,data/example_images/basic/J140441.00+244521.4.png,1,0.6443640207079361,0.94486486254424,0.5570408527421534
J140753.53+145330.2,data/example_images/basic/J140753.53+145330.2.png,1,0.6899131683244459,0.9615460329054236,0.6037564777016441
J140756.07+101016.4,data/example_images/basic/J140756.07+101016.4.png,1,0.6001685380257196,0.9691421394862948,0.7112137396615253
J140818.81+014607.5,data/example_images/basic/J140818.81+014607.5.png,1,0.6531235958075422,0.9668337159027162,0.5047479006511169
J140950.65-011839.5,data/example_images/basic/J140950.65-011839.5.png,1,0.6437779742810831,0.9607403675577876,0.6147710840901032
J141259.24+005516.2,data/example_images/basic/J141259.24+005516.2.png,1,0.6242945277518724,0.9581958164283342,0.5520645469411831
J141545.94+102619.8,data/example_images/basic/J141545.94+102619.8.png,1,0.6491376767548523,0.9188860463767038,0.6944248642151378
J141622.82+013528.2,data/example_images/basic/J141622.82+013528.2.png,1,0.7919136796973463,0.9459776665498274,0.5902682500895998
J141857.36+002156.1,data/example_images/basic/J141857.36+002156.1.png,1,0.6126770879041107,0.9676090555881216,0.6593020030032319
J143010.47+033649.6,data/example_images/basic/J143010.47+033649.6.png,1,0.7515223220313816,0.9508707085661964,0.5438481009760643
J143306.32+052333.0,data/example_images/basic/J143306.32+052333.0.png,1,0.6742173785682408,0.953568027871394,0.6012567754729077
J143427.08+010449.0,data/example_images/basic/J143427.08+010449.0.png,1,0.6911749709836537,0.937628411627742,0.6768659175356408
J143528.11-020438.9,data/example_images/basic/J143528.11-020438.9.png,1,0.7673032209243251,0.9669732025908612,0.5705944302399562
J143540.07+001217.7,data/example_images/basic/J143540.07+001217.7.png,1,0.6194246024904974,0.935126855805426,0.7882624157498949
J143629.15+013059.4,data/example_images/basic/J143629.15+013059.4.png,1,0.629745100925977,0.959741339024321,0.7540939724003056
J143655.66-002734.4,data/example_images/basic/J143655.66-002734.4.png,1,0.6111751907829555,0.9059291537130792,0.8388510610544907
J143738.75+062639.5,data/example_images/basic/J143738.75+062639.5.png,1,0.6259506568366977,0.96605787250363,0.6683891310715485
J144532.87+254105.8,data/example_images/basic/J144532.87+254105.8.png,1,0.6323313588524472,0.9837166849541796,0.5068922546339114
J144543.92+142400.7,data/example_images/basic/J144543.92+142400.7.png,1,0.608383384895562,0.9482078704074862,0.6670765921530107
J144546.49-023323.3,data/example_images/basic/J144546.49-023323.3.png,1,0.661672808515273,0.754083782906082,0.5156943029861562
J144607.06-005249.5,data/example_images/basic/J144607.06-005249.5.png,1,0.6306577639800497,0.9421709816595988,0.5010628543127865
J144752.88+165022.4,data/example_images/basic/J144752.88+165022.4.png,1,0.7062107219173767,0.9374618439342192,0.7884903575336777
J145054.89+045651.9,data/example_images/basic/J145054.89+045651.9.png,1,0.6147211683842909,0.9830259819962652,0.5411641553366322
J145242.38+181154.6,data/example_images/basic/J145242.38+181154.6.png,1,0.6325538490801866,0.9194014634214136,0.5711112357279726
J145255.07+182628.5,data/example_images/basic/J145255.07+182628.5.png,1,0.6752409637080282,0.94436918682716,0.5274147696508448
J145307.29+033217.3,data/example_images/basic/J145307.29+033217.3.png,1,0.6244589570061201,0.815159959434084,0.720757450616328
J145556.45+115229.4,data/example_images/basic/J145556.45+115229.4.png,1,0.6223953032564843,0.9676696672064584,0.5652356034788601
J145659.30+274326.5,data/example_images/basic/J145659.30+274326.5.png,1,0.6027279200734094,0.9421642362301162,0.586487141730722
J145837.61+031704.9,data/example_images/basic/J145837.61+031704.9.png,1,0.6439047556583839,0.889490388293137,0.8152800843382139
J150440.21+003616.2,data/example_images/basic/J150440.21+003616.2.png,1,0.6015532283326919,0.9256340570156198,0.7420587926369339
J150543.19+194356.7,data/example_images/basic/J150543.19+194356.7.png,1,0.6152268730055699,0.9127311509882856,0.6857842579603285
J150629.43+054420.8,data/example_images/basic/J150629.43+054420.8.png,1,0.7252961693049526,0.9426236041930812,0.5897069280438834
J150655.17+270901.0,data/example_images/basic/J150655.17+270901.0.png,1,0.7682842273235043,0.8836464862038822,0.6067409364871436
J150933.03+075505.7,data/example_images/basic/J150933.03+075505.7.png,1,0.6018856416023249,0.9713499779547488,0.6622583879697928
J151554.81+022816.8,data/example_images/basic/J151554.81+022816.8.png,1,0.6822425195513258,0.9687797311080226,0.5246683482307393
J151940.90+194856.0,data/example_images/basic/J151940.90+194856.0.png,1,0.6003136734990866,0.9750764991061812,0.8567048250668136
J152451.22+020518.4,data/example_images/basic/J152451.22+020518.4.png,1,0.6926079947451433,0.9034478128064732,0.7651237117871011
J152612.87+051925.2,data/example_images/basic/J152612.87+051925.2.png,1,0.697909885384323,0.9375975116905808,0.6101279561593499
J152923.06+073702.6,data/example_images/basic/J152923.06+073702.6.png,1,0.7362532470437738,0.920313209809999,0.5379830878522093
J153448.65+213735.8,data/example_images/basic/J153448.65+213735.8.png,1,0.6316166142105177,0.857827786247413,0.7181160478801298
J153728.29+133748.5,data/example_images/basic/J153728.29+133748.5.png,1,0.6423998111578757,0.9587152850275787,0.5142049509730323
J154501.46+165525.6,data/example_images/basic/J154501.46+165525.6.png,1,0.6503682652094865,0.8266983385684742,0.6360720334686646
J154547.04+140613.4,data/example_images/basic/J154547.04+140613.4.png,1,0.7299721203860499,0.965331416146066,0.6523886577556999
J154801.10+265817.0,data/example_images/basic/J154801.10+265817.0.png,1,0.6677104418047931,0.8900215335863464,0.6908857767645938
J160051.21-004315.0,data/example_images/basic/J160051.21-004315.0.png,1,0.6217374588030317,0.9529234863589278,0.7504756295219629
J160345.60+094222.1,data/example_images/basic/J160345.60+094222.1.png,1,0.6871745516359696,0.917973066371808,0.5494397622473232
J160407.41+252824.0,data/example_images/basic/J160407.41+252824.0.png,1,0.7316281936820589,0.877740569289871,0.5240619513307113
J161501.64+060922.4,data/example_images/basic/J161501.64+060922.4.png,1,0.6365172970628865,0.9535115809999944,0.6853393705942997
J162540.49+082142.1,data/example_images/basic/J162540.49+082142.1.png,1,0.6831099638401217,0.9251626462718398,0.6246970472898096
J163524.91+263633.7,data/example_images/basic/J163524.91+263633.7.png,1,0.6216323500772745,0.952715425175106,0.8108446978952147
J164555.24+241902.0,data/example_images/basic/J164555.24+241902.0.png,1,0.6535128836423988,0.9412339546008548,0.7614436498437156
J165748.16+272500.6,data/example_images/basic/J165748.16+272500.6.png,1,0.7926140945269599,0.9410597623563998,0.5370051395988235
J170203.18+252459.1,data/example_images/basic/J170203.18+252459.1.png,1,0.7079387414449414,0.9467001254073486,0.5827664148883009
J210918.70-064059.4,data/example_images/basic/J210918.70-064059.4.png,1,0.6745402988775949,0.8372425371587391,0.7714943779778126
J212102.67+014246.4,data/example_images/basic/J212102.67+014246.4.png,1,0.7130583925995916,0.9768105429649658,0.63863387396197
J212434.64+005844.6,data/example_images/basic/J212434.64+005844.6.png,1,0.6389079475763023,0.8419118109483127,0.5170714584276389
J213320.79+113536.3,data/example_images/basic/J213320.79+113536.3.png,1,0.6538330118317432,0.9490023364299828,0.6155011453945097
J215800.21+224731.3,data/example_images/basic/J215800.21+224731.3.png,1,0.6317157897650888,0.9685304397270212,0.7698570066862884
J220457.97+195141.0,data/example_images/basic/J220457.97+195141.0.png,1,0.6899850367599422,0.948421313231093,0.7276267631928757
J222603.84+152841.1,data/example_images/basic/J222603.84+152841.1.png,1,0.7347057700340832,0.8989250221312278,0.6036899183210107
J224401.29+004509.4,data/example_images/basic/J224401.29+004509.4.png,1,0.6710919253985078,0.937094628575485,0.8149827498195805
J225246.39+010758.0,data/example_images/basic/J225246.39+010758.0.png,1,0.7692342369568914,0.9434381804469296,0.6092178001348956
J231659.10+055445.0,data/example_images/basic/J231659.10+055445.0.png,1,0.705495203633393,0.8752610584178026,0.807077699836384
J233343.39-003410.5,data/example_images/basic/J233343.39-003410.5.png,1,0.7346404561592143,0.945074090551975,0.5017562170929064
J234803.69+010320.9,data/example_images/basic/J234803.69+010320.9.png,1,0.6052174648612239,0.9777214914529582,0.848601698148595
J235601.89+073123.0,data/example_images/basic/J235601.89+073123.0.png,1,0.6514987542967898,0.9575036817838648,0.6429659544899112
J150113.98+084208.1,data/example_images/basic/J150113.98+084208.1.png,0,0.6649081459109303,0.9654462155337206,0.6387346365855319
J132053.75+121041.6,data/example_images/basic/J132053.75+121041.6.png,0,0.6472438811477492,0.9059300500938942,0.566700032837423
J135439.18+224139.3,data/example_images/basic/J135439.18+224139.3.png,0,0.6462838380566321,0.981972317102532,0.8255400703704165
J153815.46+195634.4,data/example_images/basic/J153815.46+195634.4.png,0,0.6119946980021862,0.9723769615465088,0.7111267579156179
J145256.90+164338.9,data/example_images/basic/J145256.90+164338.9.png,0,0.7087377453272967,0.9378529119843492,0.6873444874238183
J104405.61+175042.6,data/example_images/basic/J104405.61+175042.6.png,0,0.6080425323896151,0.9779080622654313,0.612772995142662
J130344.67+012519.2,data/example_images/basic/J130344.67+012519.2.png,0,0.6927142980454246,0.9779067932036511,0.7649411899642545
J152939.06+024511.1,data/example_images/basic/J152939.06+024511.1.png,0,0.7493242041257928,0.8847299565181449,0.5241352580632891
J124820.60+070641.6,data/example_images/basic/J124820.60+070641.6.png,0,0.6050167250634456,0.970035941893,0.5130241861362926
J150844.90+073116.0,data/example_images/basic/J150844.90+073116.0.png,0,0.6865564071578981,0.9836606517916838,0.5754190626574579
J215734.70+163836.0,data/example_images/basic/J215734.70+163836.0.png,0,0.6659146775508126,0.8162519273099055,0.6402166142457169
J111501.72+290920.0,data/example_images/basic/J111501.72+290920.0.png,0,0.7415763155420559,0.951862506637193,0.5856650403433679
J102911.37+064304.2,data/example_images/basic/J102911.37+064304.2.png,0,0.6160514918425328,0.832945790226199,0.6136218410267987
J081037.53+304828.8,data/example_images/basic/J081037.53+304828.8.png,0,0.6551128038930056,0.9530374966917756,0.5631527763262674
J012936.05-102725.7,data/example_images/basic/J012936.05-102725.7.png,0,0.6369165314856919,0.7782624825108306,0.5248011913612739
J134304.74+082747.6,data/example_images/basic/J134304.74+082747.6.png,0,0.6783074654061997,0.8802486694058013,0.5160822552035955
J125617.65+030923.1,data/example_images/basic/J125617.65+030923.1.png,0,0.6058286142825705,0.9652095218068772,0.6394105369159138
J115657.49+031650.1,data/example_images/basic/J115657.49+031650.1.png,0,0.6872705416444999,0.907710297286711,0.5250645831596075
J122126.41+075652.7,data/example_images/basic/J122126.41+075652.7.png,0,0.6331881532950266,0.97457981110062,0.8199613126460915
J143411.25+003656.7,data/example_images/basic/J143411.25+003656.7.png,0,0.6610983808673059,0.94027660816312,0.7457059657023284
J150040.54+115646.4,data/example_images/basic/J150040.54+115646.4.png,0,0.6912270344314173,0.8705084442115526,0.5119727031751947
J150021.85+244026.1,data/example_images/basic/J150021.85+244026.1.png,0,0.6470247548685008,0.9346450506966214,0.7385295879560979
J084710.01+140048.2,data/example_images/basic/J084710.01+140048.2.png,0,0.6529653915019167,0.9540862155589456,0.5404461877297413
J115419.56+103947.8,data/example_images/basic/J115419.56+103947.8.png,0,0.6461382899564441,0.9568970160865632,0.7576689990506428
J133300.38+141216.6,data/example_images/basic/J133300.38+141216.6.png,0,0.6289481933162923,0.9756289204670808,0.5555817880554158
J123056.91+244156.0,data/example_images/basic/J123056.91+244156.0.png,0,0.6428926233650145,0.9630451697490546,0.5282882247935694
J130456.20+100308.6,data/example_images/basic/J130456.20+100308.6.png,0,0.6314857396433352,0.943481386756168,0.5218509003657312
J111751.02+115308.6,data/example_images/basic/J111751.02+115308.6.png,0,0.7498654303448885,0.9857736648103484,0.5061507435115477
J161003.64+311616.6,data/example_images/basic/J161003.64+311616.6.png,0,0.6075189727047513,0.9651984353419774,0.5755860226058038
J104719.21+004610.3,data/example_images/basic/J104719.21+004610.3.png,0,0.6990912621736414,0.9805099116501396,0.6794911626244229
J094302.21+141121.5,data/example_images/basic/J094302.21+141121.5.png,0,0.6244812169231502,0.9312362569030082,0.7095572897040812
J130106.75+160529.5,data/example_images/basic/J130106.75+160529.5.png,0,0.6110770536653544,0.9706836944371896,0.530888487766506
J103700.10+180809.0,data/example_images/basic/J103700.10+180809.0.png,0,0.6901198003408731,0.956836328858619,0.6186370032373361
J153348.09+082539.5,data/example_images/basic/J153348.09+082539.5.png,0,0.70597123664722,0.8245860845148347,0.5929806628382657
J115257.88+140704.9,data/example_images/basic/J115257.88+140704.9.png,0,0.6047052771296364,0.8992469770443879,0.8219124268218624
J233217.50-003144.5,data/example_images/basic/J233217.50-003144.5.png,0,0.6065942263979971,0.8857273574475737,0.7335249449975241
J172339.73+272209.7,data/example_images/basic/J172339.73+272209.7.png,0,0.6534494328504438,0.9634132775201992,0.5978090484065115
J215050.39-005052.0,data/example_images/basic/J215050.39-005052.0.png,0,0.6647944330035094,0.9476123610604952,0.7345735824738057
J122258.12+102839.6,data/example_images/basic/J122258.12+102839.6.png,0,0.609216096600479,0.9493009761560044,0.6269123915734982
J093402.78+100631.3,data/example_images/basic/J093402.78+100631.3.png,0,0.6072259499791347,0.9464234341868782,0.6142479228741672
J011703.59+000027.4,data/example_images/basic/J011703.59+000027.4.png,0,0.6192731911748696,0.9622560967941952,0.5420071202800928
J120931.56+275509.0,data/example_images/basic/J120931.56+275509.0.png,0,0.6081922448164248,0.9723411034708564,0.6070743836174608
J103856.09+190656.6,data/example_images/basic/J103856.09+190656.6.png,0,0.600127293848456,0.9684505020331946,0.614609802117317
J115939.87+012210.0,data/example_images/basic/J115939.87+012210.0.png,0,0.6080912063839115,0.9793133902487892,0.5303354746273035
J160950.95+073127.0,data/example_images/basic/J160950.95+073127.0.png,0,0.6427867487640581,0.9083141478075244,0.6021482081593202
J124941.80-043446.9,data/example_images/basic/J124941.80-043446.9.png,0,0.6980659057934347,0.9604184327076772,0.7439297218671492
J231925.09+055422.0,data/example_images/basic/J231925.09+055422.0.png,0,0.7691438872906394,0.9802604651433324,0.5567997466258963
J103229.86+113215.6,data/example_images/basic/J103229.86+113215.6.png,0,0.6993935839666265,0.958533210314307,0.5592365546526348
J204903.43-005139.7,data/example_images/basic/J204903.43-005139.7.png,0,0.6462536472383192,0.9454693653498756,0.6152198988546672
J094106.85+101853.8,data/example_images/basic/J094106.85+101853.8.png,0,0.7101199907874809,0.9701645012398282,0.6170454856262936
J142301.07+121913.2,data/example_images/basic/J142301.07+121913.2.png,0,0.6472108489523068,0.9830420985459772,0.812758451278085
J004144.75+012127.1,data/example_images/basic/J004144.75+012127.1.png,0,0.6682098896846415,0.901987897384208,0.6662907054228824
J092630.20+265313.6,data/example_images/basic/J092630.20+265313.6.png,0,0.7175925772504093,0.9810439761465356,0.5438280135407645
J130951.53+143230.5,data/example_images/basic/J130951.53+143230.5.png,0,0.7170094386048936,0.967857493715585,0.6483206175300699
J095845.66+131958.3,data/example_images/basic/J095845.66+131958.3.png,0,0.6406733614828731,0.9770724225929098,0.507786128985659
J104310.72+312518.5,data/example_images/basic/J104310.72+312518.5.png,0,0.688253607855256,0.885542193077231,0.5117579161212131
J110449.79+183216.3,data/example_images/basic/J110449.79+183216.3.png,0,0.6676634444812208,0.9512119821898488,0.506320993400748
J214853.92+013216.7,data/example_images/basic/J214853.92+013216.7.png,0,0.6737218306520301,0.9544327255108732,0.5539066289280921
J111034.79+231642.4,data/example_images/basic/J111034.79+231642.4.png,0,0.7016741728170084,0.9844141879208982,0.6500509443526089
J104608.03+200543.1,data/example_images/basic/J104608.03+200543.1.png,0,0.7653305656115202,0.9641595678391796,0.5227625349755212
J093512.10+130716.5,data/example_images/basic/J093512.10+130716.5.png,0,0.6405071193334798,0.9765436914312504,0.6370899587208335
J214607.79+010347.0,data/example_images/basic/J214607.79+010347.0.png,0,0.6834817041478317,0.9523273548015064,0.7156675810144968
J002658.19-014709.9,data/example_images/basic/J002658.19-014709.9.png,0,0.663387176560239,0.8369495874826608,0.8804781613135029
J114348.62+313640.3,data/example_images/basic/J114348.62+313640.3.png,0,0.6048484077817656,0.8229571831681607,0.5136739344118003
J142918.00+304955.9,data/example_images/basic/J142918.00+304955.9.png,0,0.7422932990983611,0.9501069776733416,0.6778298542065461
J075636.81+140804.2,data/example_images/basic/J075636.81+140804.2.png,0,0.6858606144227842,0.9826921286655408,0.5870770383710416
J113422.48+041127.6,data/example_images/basic/J113422.48+041127.6.png,0,0.6092312408711922,0.972783673324209,0.5695131640449749
J005409.10+165503.0,data/example_images/basic/J005409.10+165503.0.png,0,0.6930490084939707,0.9307641514149096,0.507764426193011
J145228.34+242401.7,data/example_images/basic/J145228.34+242401.7.png,0,0.6098464151353854,0.952036326697289,0.5143959130384634
J123441.17+210840.0,data/example_images/basic/J123441.17+210840.0.png,0,0.6543941819981914,0.9648342298646868,0.5034186358342455
J001240.06-000210.4,data/example_images/basic/J001240.06-000210.4.png,0,0.6356503751888866,0.9611515365581242,0.5772005333386678
J104010.89-032510.9,data/example_images/basic/J104010.89-032510.9.png,0,0.7520005374945938,0.9275833119682788,0.5082996726236924
J142907.73+272645.5,data/example_images/basic/J142907.73+272645.5.png,0,0.6750957816515113,0.9874770447531572,0.8649626171424671
J210336.72-011342.7,data/example_images/basic/J210336.72-011342.7.png,0,0.6064684177394468,0.979171582680058,0.5957594844610533
J013736.46+242552.7,data/example_images/basic/J013736.46+242552.7.png,0,0.684365492816291,0.9842442003263224,0.612736450938421
J153130.42+061539.0,data/example_images/basic/J153130.42+061539.0.png,0,0.7140802756765045,0.9458783221433872,0.6051098776856094
J011631.48+032209.9,data/example_images/basic/J011631.48+032209.9.png,0,0.6450112383954528,0.9539609072862026,0.7122193794507338
J133049.99+212729.8,data/example_images/basic/J133049.99+212729.8.png,0,0.7022850163518294,0.9344835379742228,0.6095572332122036
J113307.49+114826.0,data/example_images/basic/J113307.49+114826.0.png,0,0.6992230884007106,0.9702420869970708,0.5466761942492832
J095632.20+005254.0,data/example_images/basic/J095632.20+005254.0.png,0,0.614441040957824,0.9723108507414172,0.5374218083128273
J170059.99+292507.8,data/example_images/basic/J170059.99+292507.8.png,0,0.7985360466522002,0.7798447622605039,0.8625197015807059
J154852.18+215117.4,data/example_images/basic/J154852.18+215117.4.png,0,0.6213138967368539,0.9790560447018006,0.7342221682698536
J124450.83+005931.6,data/example_images/basic/J124450.83+005931.6.png,0,0.6562851733945191,0.9461665041344862,0.5891868615529214
J141636.20+005258.0,data/example_images/basic/J141636.20+005258.0.png,0,0.650524218582748,0.9364639650233112,0.5769705901836677
J142723.12+200547.8,data/example_images/basic/J142723.12+200547.8.png,0,0.7185759618572571,0.880358334100055,0.6722066376147247
J164528.36+193951.7,data/example_images/basic/J164528.36+193951.7.png,0,0.7334567546193693,0.9581148207407232,0.5139099972990122
J030103.28-004436.4,data/example_images/basic/J030103.28-004436.4.png,0,0.7275996707080489,0.9783779471492768,0.5613317392721727
J015543.70+175955.0,data/example_images/basic/J015543.70+175955.0.png,0,0.6081309711615926,0.9258208054622336,0.7300946261348762
J102217.62+015440.7,data/example_images/basic/J102217.62+015440.7.png,0,0.6444484346253525,0.976294712989194,0.6545695412420894
J082737.64+160332.8,data/example_images/basic/J082737.64+160332.8.png,0,0.7519435334922097,0.9320464770421936,0.500211354492284
J004400.70+032145.3,data/example_images/basic/J004400.70+032145.3.png,0,0.7073077428111965,0.9326625698200957,0.5560598961040094
J100556.10+003701.9,data/example_images/basic/J100556.10+003701.9.png,0,0.6769522267009583,0.828812339502819,0.5574692970416024
J103949.40+114729.8,data/example_images/basic/J103949.40+114729.8.png,0,0.6557042301181333,0.8889923510190049,0.8159291719611028
J015244.70-032355.0,data/example_images/basic/J015244.70-032355.0.png,0,0.7036718383894334,0.919503121769082,0.5997395515154204
J110430.11+060600.6,data/example_images/basic/J110430.11+060600.6.png,0,0.6469394942379952,0.9125404894157408,0.5846803076589727
J150647.44-015445.6,data/example_images/basic/J150647.44-015445.6.png,0,0.60193108731137,0.9256266218738456,0.573297378290301
J150358.60+272636.7,data/example_images/basic/J150358.60+272636.7.png,0,0.6087524053937283,0.8639488939252563,0.5128615971545566
J104247.13+083546.6,data/example_images/basic/J104247.13+083546.6.png,0,0.7058701645811415,0.9805090302821776,0.6640449675204709
J104731.36+093342.3,data/example_images/basic/J104731.36+093342.3.png,0,0.6696014308102121,0.9680564477606218,0.5473803647258438
J140331.59+025214.6,data/example_images/basic/J140331.59+025214.6.png,0,0.6294319526470266,0.9524274212555716,0.5855564885605825
J212417.32+010142.1,data/example_images/basic/J212417.32+010142.1.png,0,0.7095712025296562,0.9785070253808836,0.6612877223902486
J010116.57-000806.3,data/example_images/basic/J010116.57-000806.3.png,0,0.7072280077704037,0.8407120728243267,0.5230413040155323
J121344.99+024840.9,data/example_images/basic/J121344.99+024840.9.png,0,0.7783109589357003,0.970766486383028,0.5633284345566523
J152445.36+302657.3,data/example_images/basic/J152445.36+302657.3.png,0,0.6576932845043717,0.9814198565250688,0.7375417163553678
J005214.91+003458.8,data/example_images/basic/J005214.91+003458.8.png,0,0.6070653072385035,0.9247305432178108,0.5705193179243822
J101755.30-012551.0,data/example_images/basic/J101755.30-012551.0.png,0,0.7062892304780201,0.9300927927377936,0.7105645903601767
J101909.13+032207.8,data/example_images/basic/J101909.13+032207.8.png,0,0.6456125465874943,0.7983946306635974,0.7130730661490423
J125639.87-015646.4,data/example_images/basic/J125639.87-015646.4.png,0,0.6021221948866954,0.9614407440325692,0.5792645273279322
J155028.91+092623.8,data/example_images/basic/J155028.91+092623.8.png,0,0.6428139744944187,0.9250346048477416,0.5678823056941179
J123933.07+114129.2,data/example_images/basic/J123933.07+114129.2.png,0,0.6663438842788298,0.9621746316278788,0.5116932944169359
J142843.20+243134.9,data/example_images/basic/J142843.20+243134.9.png,0,0.6004635147396341,0.9393377199784504,0.579901761787815
J143413.51+020908.7,data/example_images/basic/J143413.51+020908.7.png,0,0.6204747368611112,0.9565788949214916,0.6070080726569571
J144108.35+163547.1,data/example_images/basic/J144108.35+163547.1.png,0,0.6145814014920944,0.9821985312404286,0.7813585825205743
J151550.08-001931.7,data/example_images/basic/J151550.08-001931.7.png,0,0.6116190392923492,0.8899452286804045,0.7066983644464575
J133040.84-000831.0,data/example_images/basic/J133040.84-000831.0.png,0,0.7646427073845972,0.9828635741068444,0.5832101188807896
J134435.37+095308.1,data/example_images/basic/J134435.37+095308.1.png,0,0.6337822560398418,0.94745447702111,0.6423692003291118
J151021.19+192826.0,data/example_images/basic/J151021.19+192826.0.png,0,0.6692503464502986,0.9801917439590058,0.693601266759481
J114514.94+213839.8,data/example_images/basic/J114514.94+213839.8.png,0,0.6843346239565983,0.9781363645702272,0.6178208825839584
J145718.95+282526.0,data/example_images/basic/J145718.95+282526.0.png,0,0.610870617681585,0.9790827328532812,0.5996426056427441
J103319.85+110951.5,data/example_images/basic/J103319.85+110951.5.png,0,0.6519282199635549,0.9311347198797056,0.6728299028220345
J161458.09+204436.8,data/example_images/basic/J161458.09+204436.8.png,0,0.6079781663614409,0.9418769556959006,0.7089405031879247
J103813.77+192146.4,data/example_images/basic/J103813.77+192146.4.png,0,0.6388752989263624,0.9671107031440934,0.7408769365522225
J095742.99-012028.9,data/example_images/basic/J095742.99-012028.9.png,0,0.6107509058855579,0.9593986696721948,0.5227692058194865
J105743.23-015329.2,data/example_images/basic/J105743.23-015329.2.png,0,0.70768021011556,0.9796823226757664,0.5683179997601795
J014811.02-080714.0,data/example_images/basic/J014811.02-080714.0.png,0,0.679151860583103,0.9782389810590442,0.620643121586328
J103953.27+272240.0,data/example_images/basic/J103953.27+272240.0.png,0,0.665625152613456,0.9833059797461746,0.6844218076721801
J015416.09-061744.0,data/example_images/basic/J015416.09-061744.0.png,0,0.6015147235341697,0.9237055959759528,0.7694371997495354
J160639.39+275116.6,data/example_images/basic/J160639.39+275116.6.png,0,0.7387895862478489,0.962238797435949,0.6069979240119823
J002849.45-001500.4,data/example_images/basic/J002849.45-001500.4.png,0,0.6253704785069383,0.9757988406535965,0.508905356791109
J092318.49+013457.0,data/example_images/basic/J092318.49+013457.0.png,0,0.6947720890298101,0.9631147633579716,0.616515014079953
J114023.00+085134.5,data/example_images/basic/J114023.00+085134.5.png,0,0.738573564763521,0.9843551840625704,0.6334490980346457
J003750.30+172259.0,data/example_images/basic/J003750.30+172259.0.png,0,0.6692265182077551,0.9552854764989696,0.5477733802620354
J162307.39+254755.7,data/example_images/basic/J162307.39+254755.7.png,0,0.6141966979105591,0.8149801165533412,0.5210539335735196
J101115.69-030840.9,data/example_images/basic/J101115.69-030840.9.png,0,0.7092447882115251,0.9557203481143588,0.6687191068719536
J113411.70-035642.0,data/example_images/basic/J113411.70-035642.0.png,0,0.8457700364135082,0.8630718938982435,0.5834428412247686
J130444.14+220725.8,data/example_images/basic/J130444.14+220725.8.png,0,0.6687785686084442,0.9615477244725604,0.5655335542742573
J021625.76-113335.8,data/example_images/basic/J021625.76-113335.8.png,0,0.6317601400015156,0.951811894276682,0.5942969931935972
J112248.21+285505.8,data/example_images/basic/J112248.21+285505.8.png,0,0.652496410874663,0.9830745335765751,0.5249253857608903
J115833.62-020808.4,data/example_images/basic/J115833.62-020808.4.png,0,0.7866091412687257,0.8823595061622785,0.754308439298578
J145219.31+212630.4,data/example_images/basic/J145219.31+212630.4.png,0,0.6038758670126139,0.9339197957494408,0.537894728482198
J142227.50+000338.0,data/example_images/basic/J142227.50+000338.0.png,0,0.6465756544961164,0.8599194489963233,0.6993040681866617
J130029.03+121042.0,data/example_images/basic/J130029.03+121042.0.png,0,0.6311385201352071,0.8463494385273905,0.8529417491774304
J091229.93+123511.6,data/example_images/basic/J091229.93+123511.6.png,0,0.6533626321557428,0.9195411521494624,0.513496300618274
J102209.28+241430.3,data/example_images/basic/J102209.28+241430.3.png,0,0.6859864368976117,0.8718940057588437,0.5340504286088309
J105253.40-023109.0,data/example_images/basic/J105253.40-023109.0.png,0,0.6894714050739222,0.9836889823062452,0.5170444739498978
J144021.05+055849.1,data/example_images/basic/J144021.05+055849.1.png,0,0.6578998454951714,0.8600127289834293,0.6054612947849396
J144043.75+010201.5,data/example_images/basic/J144043.75+010201.5.png,0,0.734028204715327,0.9545128190219307,0.5105132261461336
J134431.28+081614.7,data/example_images/basic/J134431.28+081614.7.png,0,0.7099534774865291,0.9837770789034986,0.5232313936108488
J152633.13+044706.0,data/example_images/basic/J152633.13+044706.0.png,0,0.689038688746965,0.917668241230172,0.6501122077248546
J130535.63+051148.3,data/example_images/basic/J130535.63+051148.3.png,0,0.6214483159196079,0.965407871865768,0.6971443856871241
J103036.50-023407.9,data/example_images/basic/J103036.50-023407.9.png,0,0.7152107877653359,0.851216796630679,0.6895070650202411
J101340.59-032233.0,data/example_images/basic/J101340.59-032233.0.png,0,0.6310789810579279,0.9056098308595336,0.5002410095074576
J220707.34-010451.9,data/example_images/basic/J220707.34-010451.9.png,0,0.6629504050518742,0.9389453255459744,0.6590710021614836
J214630.78-071237.6,data/example_images/basic/J214630.78-071237.6.png,0,0.7015857928216552,0.9549611885583416,0.6148276273494041
J145253.81-003658.4,data/example_images/basic/J145253.81-003658.4.png,0,0.7257711896206568,0.9577065653097226,0.5363469792360616
J103859.87+313712.1,data/example_images/basic/J103859.87+313712.1.png,0,0.6325122496434408,0.8881721950217625,0.5587049531003438
J102132.85+163034.4,data/example_images/basic/J102132.85+163034.4.png,0,0.670820488419661,0.981216201523118,0.7267163080968477
J003422.97+001633.1,data/example_images/basic/J003422.97+001633.1.png,0,0.7599019462183692,0.8352517921757028,0.7904970470760958
J235449.18-105559.3,data/example_images/basic/J235449.18-105559.3.png,0,0.6010324800477769,0.9770976505050616,0.6469192675412859
J134407.34-002832.4,data/example_images/basic/J134407.34-002832.4.png,0,0.6853396196612083,0.9241589286276606,0.5477242353225792
J144902.09+250613.1,data/example_images/basic/J144902.09+250613.1.png,0,0.7237878316688533,0.910858292499006,0.6214609039352761
J130611.80+282753.2,data/example_images/basic/J130611.80+282753.2.png,0,0.6429107890895627,0.9765324023712142,0.801002261889485
J104221.49+180809.0,data/example_images/basic/J104221.49+180809.0.png,0,0.6206364561586178,0.908950221823664,0.6333161636712931
J013749.42-091504.8,data/example_images/basic/J013749.42-091504.8.png,0,0.6156129563662049,0.8342127141596003,0.6658170452180042
J114951.28+053033.4,data/example_images/basic/J114951.28+053033.4.png,0,0.7712083506872347,0.930472233985732,0.5002003648846763
J091530.15+270604.0,data/example_images/basic/J091530.15+270604.0.png,0,0.6205353086949491,0.9465515904462812,0.7810263921909316
J114836.19-003117.0,data/example_images/basic/J114836.19-003117.0.png,0,0.6052372986777261,0.97112583068323,0.5626760605145775
J141548.51+170711.1,data/example_images/basic/J141548.51+170711.1.png,0,0.6513449010131863,0.9801340456609808,0.5984496760665223
J113142.30-035129.0,data/example_images/basic/J113142.30-035129.0.png,0,0.6665021057428802,0.8809172205611894,0.8244711765762541
J155648.99+271712.9,data/example_images/basic/J155648.99+271712.9.png,0,0.6134342193737918,0.9514374674591566,0.6431992823345477
J215259.07-000903.4,data/example_images/basic/J215259.07-000903.4.png,0,0.6036426078447221,0.9143184818518794,0.6663297156415527
J024242.53-084618.2,data/example_images/basic/J024242.53-084618.2.png,0,0.6405929861438803,0.9817346622538952,0.5005262497661783
J151804.11+080706.3,data/example_images/basic/J151804.11+080706.3.png,0,0.6991039913067767,0.9458810306530306,0.5675470818140123
J130955.17+170938.3,data/example_images/basic/J130955.17+170938.3.png,0,0.7026993893681435,0.9630115361765248,0.5028862672864056
J110133.28+045706.2,data/example_images/basic/J110133.28+045706.2.png,0,0.6479504614351396,0.9550310102425752,0.6043470695896468
J130937.52+260932.7,data/example_images/basic/J130937.52+260932.7.png,0,0.6471070908291311,0.915792014788105,0.6214547470429115
J132321.61+015630.2,data/example_images/basic/J132321.61+015630.2.png,0,0.6777164840293831,0.9571940966808714,0.6112996383900972
J124155.04+124853.4,data/example_images/basic/J124155.04+124853.4.png,0,0.7625713204931104,0.8985422449906308,0.635192539490482
J135259.21+085239.4,data/example_images/basic/J135259.21+085239.4.png,0,0.6349436669347306,0.9037403604708588,0.8456361606689873
J094529.36+093610.4,data/example_images/basic/J094529.36+093610.4.png,0,0.6492911075214672,0.946888235305585,0.5101512672182306
J141934.31+043824.1,data/example_images/basic/J141934.31+043824.1.png,0,0.6003585462393419,0.9632435656788488,0.817235687769312
J145105.23+122012.3,data/example_images/basic/J145105.23+122012.3.png,0,0.6209734247877571,0.9847885888693912,0.6068160747775808
J143042.97+232304.2,data/example_images/basic/J143042.97+232304.2.png,0,0.6605802587412035,0.9733242553831184,0.6293912255693304
J104809.74+002714.2,data/example_images/basic/J104809.74+002714.2.png,0,0.6429026893918409,0.9751175033821882,0.6920840556236822
J013839.75-000444.6,data/example_images/basic/J013839.75-000444.6.png,0,0.65751840531716,0.9166115954018472,0.6760437682104131
J120612.09+211337.9,data/example_images/basic/J120612.09+211337.9.png,0,0.7243156609103244,0.9805430053836488,0.5147755224459942
J110837.60+055908.8,data/example_images/basic/J110837.60+055908.8.png,0,0.622131148062277,0.9679927766467344,0.8024020251273268
J151054.94+292601.2,data/example_images/basic/J151054.94+292601.2.png,0,0.7041291565000206,0.9470055856755412,0.6007093031303775
J164625.11+194611.5,data/example_images/basic/J164625.11+194611.5.png,0,0.6018591171756283,0.9197513430032184,0.8366440744326088
J105240.94+035238.4,data/example_images/basic/J105240.94+035238.4.png,0,0.6742465309947505,0.7779501793646143,0.548395444976324
J134802.30-031927.9,data/example_images/basic/J134802.30-031927.9.png,0,0.6669845775846368,0.982357435184384,0.5295072275620113
J134550.90+264747.4,data/example_images/basic/J134550.90+264747.4.png,0,0.6584014437499107,0.968853452478323,0.6167325341422232
J090723.29+144151.3,data/example_images/basic/J090723.29+144151.3.png,0,0.6704324783188247,0.9308681016772828,0.7246353201907384
J145919.20+160127.6,data/example_images/basic/J145919.20+160127.6.png,0,0.6295232574904218,0.8525494425532031,0.636212659195467
J101125.39-030114.0,data/example_images/basic/J101125.39-030114.0.png,0,0.6017563293256213,0.985370567990039,0.936533633477634
J100926.01+165450.6,data/example_images/basic/J100926.01+165450.6.png,0,0.622504762425971,0.8260883990698673,0.709820181940323
J022556.13-004842.8,data/example_images/basic/J022556.13-004842.8.png,0,0.7236052774371327,0.8629277677448627,0.8108602865054325
J113158.59-012831.0,data/example_images/basic/J113158.59-012831.0.png,0,0.6943918295647201,0.9790011592690888,0.6416507468660272
J100458.68+072455.6,data/example_images/basic/J100458.68+072455.6.png,0,0.6457801350531562,0.950265764702802,0.5740911654101472
J151548.14+195548.8,data/example_images/basic/J151548.14+195548.8.png,0,0.6326377338825034,0.9813788824760352,0.5453551019731634
J075926.34+091100.1,data/example_images/basic/J075926.34+091100.1.png,0,0.714743394121335,0.8548059661058451,0.6590676900674798
J090251.45+014052.0,data/example_images/basic/J090251.45+014052.0.png,0,0.6019579188930383,0.9628695626252964,0.6880759056041671
J095714.21+093835.1,data/example_images/basic/J095714.21+093835.1.png,0,0.604451389453422,0.9297621871100092,0.517458362625078
J013514.53+261627.9,data/example_images/basic/J013514.53+261627.9.png,0,0.7258041108931174,0.8970885594400264,0.5108809419836843
J133740.38+044723.3,data/example_images/basic/J133740.38+044723.3.png,0,0.6906935011958495,0.975115279813502,0.7799019755420202
J140132.73+133206.0,data/example_images/basic/J140132.73+133206.0.png,0,0.7028054591456732,0.9304308494508576,0.7198494178575358
J120529.16+123418.4,data/example_images/basic/J120529.16+123418.4.png,0,0.6685583275323053,0.9561388305431456,0.7733229104606604
J113852.99+214619.6,data/example_images/basic/J113852.99+214619.6.png,0,0.6791214071402378,0.9746734548273784,0.6941314491186149
J083813.87+070720.4,data/example_images/basic/J083813.87+070720.4.png,0,0.7283567365085948,0.858595315099114,0.629080757371128
J134952.60+020440.0,data/example_images/basic/J134952.60+020440.0.png,0,0.6381134470328753,0.9484395547498518,0.7062780262715549
J103351.88+142947.5,data/example_images/basic/J103351.88+142947.5.png,0,0.6479053302727132,0.8749378648378273,0.6492080689817051
J095936.83+025622.8,data/example_images/basic/J095936.83+025622.8.png,0,0.6448129387175302,0.9345652138520122,0.6463522764037889
J075941.16+154342.5,data/example_images/basic/J075941.16+154342.5.png,0,0.6536740582172635,0.9764697446481518,0.6515927335058259
J144703.35+302832.6,data/example_images/basic/J144703.35+302832.6.png,0,0.6452161147104708,0.9052093972291788,0.5081565706421928
J151824.11+095552.8,data/example_images/basic/J151824.11+095552.8.png,0,0.6158082709606841,0.9299775698747536,0.6802284418589924
J120559.08+215335.5,data/example_images/basic/J120559.08+215335.5.png,0,0.6186020047345767,0.9756297347712772,0.5448464135229705
J010135.09-064401.0,data/example_images/basic/J010135.09-064401.0.png,0,0.7307112718856351,0.9298133991388412,0.5571557691903413
J091955.17-003528.7,data/example_images/basic/J091955.17-003528.7.png,0,0.7058810334950647,0.9805994032350206,0.5687099805438052
J144440.29+085642.8,data/example_images/basic/J144440.29+085642.8.png,0,0.68878908575894,0.9368761048026198,0.5801127664804127
J161315.20+295524.6,data/example_images/basic/J161315.20+295524.6.png,0,0.6154707954522631,0.8927556093060085,0.8430930227126707
J144020.00-020118.0,data/example_images/basic/J144020.00-020118.0.png,0,0.600969355701067,0.9327510799093752,0.841585068902038
J131201.94+003532.7,data/example_images/basic/J131201.94+003532.7.png,0,0.629457464330957,0.9705950683809124,0.7213458447823549
J130114.68+071745.1,data/example_images/basic/J130114.68+071745.1.png,0,0.6556873138449206,0.9258898838680528,0.6049564884393654
J022845.39-082736.7,data/example_images/basic/J022845.39-082736.7.png,0,0.6736301007520195,0.9769637646447256,0.696612409497775
J112903.33+175102.3,data/example_images/basic/J112903.33+175102.3.png,0,0.6351568180769609,0.9678712046260478,0.7286136507649862
J012028.73+003523.5,data/example_images/basic/J012028.73+003523.5.png,0,0.6715939965004297,0.9338298024769708,0.5137777781347418
J144608.57+005155.5,data/example_images/basic/J144608.57+005155.5.png,0,0.6846002227735655,0.9711247493906272,0.568961653721239
J080521.62+304536.6,data/example_images/basic/J080521.62+304536.6.png,0,0.6355493740921819,0.942135304476083,0.5380318669294265
J081055.94+184053.6,data/example_images/basic/J081055.94+184053.6.png,0,0.6529038128124454,0.9074326603716776,0.5931396762881618
J144806.70+001922.9,data/example_images/basic/J144806.70+001922.9.png,0,0.6029338039388076,0.9680474908939958,0.7653969906966652
J144508.61-025056.4,data/example_images/basic/J144508.61-025056.4.png,0,0.7197786466925138,0.904417511834758,0.6294047270323446
J165917.60+182032.0,data/example_images/basic/J165917.60+182032.0.png,0,0.6000549585570089,0.9526599655921016,0.7565282622870001
J145836.50-025637.0,data/example_images/basic/J145836.50-025637.0.png,0,0.6090615947435911,0.9397029133879704,0.7631179415517245
J095042.39+084353.1,data/example_images/basic/J095042.39+084353.1.png,0,0.6089406061738258,0.9731959703907636,0.5716007027627168
J011716.07+080839.1,data/example_images/basic/J011716.07+080839.1.png,0,0.6172347695787607,0.9837782013516952,0.624259437137446
